{
  "pairs": [
    {
      "phonetic": {
        "count": 1,
        "mean": 0.4942528735632184,
        "median": 0.4942528735632184,
        "std": 0.0
      },
      "phonetic_list": [
        0.4942528735632184
      ],
      "orthographic": {
        "count": 2,
        "mean": 1.0,
        "median": 1.0,
        "std": 0.0
      },
      "orthographic_list": [
        1.0,
        1.0
      ],
      "lexical_full": {
        "char_edit_distance": 75,
        "normalized_edit_distance": 0.6048387096774194,
        "token_jaccard": 0.4117647058823529,
        "js_divergence": 0.27837564367695694,
        "cosine_similarity": 0.6111111111111113,
        "phonetic_edit_distance": 0
      },
      "pair_index": 1
    },
    {
      "phonetic": {
        "count": 1,
        "mean": 0.4885057471264368,
        "median": 0.4885057471264368,
        "std": 0.0
      },
      "phonetic_list": [
        0.4885057471264368
      ],
      "orthographic": {
        "count": 2,
        "mean": 1.0,
        "median": 1.0,
        "std": 0.0
      },
      "orthographic_list": [
        1.0,
        1.0
      ],
      "lexical_full": {
        "char_edit_distance": 75,
        "normalized_edit_distance": 0.6048387096774194,
        "token_jaccard": 0.4117647058823529,
        "js_divergence": 0.27837564367695694,
        "cosine_similarity": 0.6111111111111113,
        "phonetic_edit_distance": 0
      },
      "pair_index": 2
    },
    {
      "phonetic": {
        "count": 1,
        "mean": 0.4942528735632184,
        "median": 0.4942528735632184,
        "std": 0.0
      },
      "phonetic_list": [
        0.4942528735632184
      ],
      "orthographic": {
        "count": 2,
        "mean": 1.0,
        "median": 1.0,
        "std": 0.0
      },
      "orthographic_list": [
        1.0,
        1.0
      ],
      "lexical_full": {
        "char_edit_distance": 75,
        "normalized_edit_distance": 0.6048387096774194,
        "token_jaccard": 0.4117647058823529,
        "js_divergence": 0.27837564367695694,
        "cosine_similarity": 0.6111111111111113,
        "phonetic_edit_distance": 0
      },
      "pair_index": 3
    },
    {
      "phonetic": {
        "count": 1,
        "mean": 0.578125,
        "median": 0.578125,
        "std": 0.0
      },
      "phonetic_list": [
        0.578125
      ],
      "orthographic": {
        "count": 2,
        "mean": 1.0,
        "median": 1.0,
        "std": 0.0
      },
      "orthographic_list": [
        1.0,
        1.0
      ],
      "lexical_full": {
        "char_edit_distance": 87,
        "normalized_edit_distance": 0.7016129032258065,
        "token_jaccard": 0.375,
        "js_divergence": 0.35870923576535807,
        "cosine_similarity": 0.3233808333817773,
        "phonetic_edit_distance": 0
      },
      "pair_index": 4
    },
    {
      "phonetic": {
        "count": 1,
        "mean": 0.5228426395939086,
        "median": 0.5228426395939086,
        "std": 0.0
      },
      "phonetic_list": [
        0.5228426395939086
      ],
      "orthographic": {
        "count": 2,
        "mean": 1.0,
        "median": 1.0,
        "std": 0.0
      },
      "orthographic_list": [
        1.0,
        1.0
      ],
      "lexical_full": {
        "char_edit_distance": 84,
        "normalized_edit_distance": 0.6614173228346457,
        "token_jaccard": 0.375,
        "js_divergence": 0.35870923576535807,
        "cosine_similarity": 0.3233808333817773,
        "phonetic_edit_distance": 0
      },
      "pair_index": 5
    },
    {
      "phonetic": {
        "count": 1,
        "mean": 0.6444444444444445,
        "median": 0.6444444444444445,
        "std": 0.0
      },
      "phonetic_list": [
        0.6444444444444445
      ],
      "orthographic": {
        "count": 2,
        "mean": 1.0,
        "median": 1.0,
        "std": 0.0
      },
      "orthographic_list": [
        1.0,
        1.0
      ],
      "lexical_full": {
        "char_edit_distance": 93,
        "normalized_edit_distance": 0.7322834645669292,
        "token_jaccard": 0.35294117647058826,
        "js_divergence": 0.317418808442663,
        "cosine_similarity": 0.5726562866782,
        "phonetic_edit_distance": 0
      },
      "pair_index": 6
    },
    {
      "phonetic": {
        "count": 1,
        "mean": 0.6543778801843319,
        "median": 0.6543778801843319,
        "std": 0.0
      },
      "phonetic_list": [
        0.6543778801843319
      ],
      "orthographic": {
        "count": 2,
        "mean": 1.0,
        "median": 1.0,
        "std": 0.0
      },
      "orthographic_list": [
        1.0,
        1.0
      ],
      "lexical_full": {
        "char_edit_distance": 116,
        "normalized_edit_distance": 0.7837837837837838,
        "token_jaccard": 0.0,
        "js_divergence": 0.6931471805599453,
        "cosine_similarity": 0.0,
        "phonetic_edit_distance": 0
      },
      "pair_index": 7
    },
    {
      "phonetic": {
        "count": 1,
        "mean": 0.4,
        "median": 0.4,
        "std": 0.0
      },
      "phonetic_list": [
        0.4
      ],
      "orthographic": {
        "count": 2,
        "mean": 1.0,
        "median": 1.0,
        "std": 0.0
      },
      "orthographic_list": [
        1.0,
        1.0
      ],
      "lexical_full": {
        "char_edit_distance": 49,
        "normalized_edit_distance": 0.5568181818181818,
        "token_jaccard": 0.375,
        "js_divergence": 0.28881132523331055,
        "cosine_similarity": 0.6428571428571429,
        "phonetic_edit_distance": 0
      },
      "pair_index": 8
    },
    {
      "phonetic": {
        "count": 1,
        "mean": 0.4,
        "median": 0.4,
        "std": 0.0
      },
      "phonetic_list": [
        0.4
      ],
      "orthographic": {
        "count": 2,
        "mean": 1.0,
        "median": 1.0,
        "std": 0.0
      },
      "orthographic_list": [
        1.0,
        1.0
      ],
      "lexical_full": {
        "char_edit_distance": 50,
        "normalized_edit_distance": 0.5681818181818182,
        "token_jaccard": 0.375,
        "js_divergence": 0.28881132523331055,
        "cosine_similarity": 0.6428571428571429,
        "phonetic_edit_distance": 0
      },
      "pair_index": 9
    },
    {
      "phonetic": {
        "count": 1,
        "mean": 0.4,
        "median": 0.4,
        "std": 0.0
      },
      "phonetic_list": [
        0.4
      ],
      "orthographic": {
        "count": 2,
        "mean": 1.0,
        "median": 1.0,
        "std": 0.0
      },
      "orthographic_list": [
        1.0,
        1.0
      ],
      "lexical_full": {
        "char_edit_distance": 50,
        "normalized_edit_distance": 0.5681818181818182,
        "token_jaccard": 0.375,
        "js_divergence": 0.28881132523331055,
        "cosine_similarity": 0.6428571428571429,
        "phonetic_edit_distance": 0
      },
      "pair_index": 10
    },
    {
      "phonetic": {
        "count": 1,
        "mean": 0.7166666666666667,
        "median": 0.7166666666666667,
        "std": 0.0
      },
      "phonetic_list": [
        0.7166666666666667
      ],
      "orthographic": {
        "count": 2,
        "mean": 0.65,
        "median": 0.65,
        "std": 0.3535533905932738
      },
      "orthographic_list": [
        0.9,
        0.4
      ],
      "lexical_full": {
        "char_edit_distance": 150,
        "normalized_edit_distance": 0.8287292817679558,
        "token_jaccard": 0.027777777777777776,
        "js_divergence": 0.6454086179378344,
        "cosine_similarity": 0.08703882797784893,
        "phonetic_edit_distance": 0
      },
      "pair_index": 11
    },
    {
      "phonetic": {
        "count": 1,
        "mean": 0.6073059360730594,
        "median": 0.6073059360730594,
        "std": 0.0
      },
      "phonetic_list": [
        0.6073059360730594
      ],
      "orthographic": {
        "count": 2,
        "mean": 1.0,
        "median": 1.0,
        "std": 0.0
      },